feature,importance
review_text_length,0.005272110579700496
rating,0.004590006718668905
review_sentiment_vader,0.003944509547755936
discount_percentage,0.0038469210298464895
budget,0.003566573754769977
and,0.003349535441517641
good,0.003206341882214782
discount_amount_log,0.003198740545555172
product_name_length,0.00318623905695027
very,0.003186122570952595
for,0.003069072172429949
can,0.003064061908600672
discounted_price_log,0.003051597176345473
remote,0.003027278119391985
product,0.003025691441951166
in,0.0030101662054570124
but,0.0029714719406360307
if,0.0029633865271265327
on,0.002961311439710643
to,0.002949286996681256
use,0.0029298413583620747
that,0.002895281754509175
category_main_Home&Kitchen,0.002881203644208151
is,0.002877607981726622
it,0.002856833893558637
about_product_length,0.0027261901154528277
the,0.002648575007209715
nice,0.002648350948685514
one,0.002593940475196873
actual_price_log,0.0025675940109270434
not,0.0025269424443573416
buy,0.0024455179241401103
you,0.0023948117599369456
tv,0.002376195135138139
have,0.0023296132353941446
from,0.0023139358260897322
more,0.0023026965962256152
quality,0.0022600560555104494
this,0.0022513536936731543
of,0.0022395902019657493
with,0.0022144493189700074
all,0.0021675293408444816
be,0.0021453466602224525
will,0.0021238757351769747
sound,0.002095701304731806
its,0.0020896545173424395
up,0.002038300195377797
easy,0.0020369774264973267
or,0.0020359279533470665
best,0.0020217747318954722
about,0.0020125472105427585
working,0.0019889314161451537
around,0.0019441188881694719
phone,0.0019349600165174167
perfect,0.0018966067540973476
warranty,0.0018573266021268936
at,0.0018237625424091825
time,0.0018014241051364538
so,0.0018007410075273488
using,0.0017906578832995723
by,0.0017808035960215109
your,0.0017685685136674162
almost,0.001749192345721999
than,0.0017418425508529973
made,0.0017263071715494162
year,0.0017128352802326127
life,0.0017079861296655167
my,0.0017047814181843134
compared,0.0016968926033486284
card,0.001677000359099631
design,0.0016718865005597209
amazon,0.0016358678137710087
no,0.0016352071602890464
also,0.0016299310554325106
core,0.0016267679638218339
devices,0.0016264430661092056
wireless,0.0016225265028556835
money,0.0016211964484132322
must,0.001617245925231801
some,0.0016082412657202807
camera,0.0016071544695785052
value,0.0016049515221580842
was,0.0016037547777475701
as,0.0015951472614207747
while,0.0015897234506368119
an,0.0015876127645331817
cable,0.0015866556037584648
any,0.0015831608560993942
bought,0.0015796410566351548
fine,0.0015775577677012967
display,0.0015762540287608392
experience,0.0015714393898104406
average,0.0015645380997668817
mobile,0.0015567142015769457
are,0.0015529479868715166
better,0.0015511312421694011
off,0.0015474534774329526
call,0.0015426817242293063
speed,0.0015412677947816468
performance,0.0015279080887297522
which,0.0015272333836518328
should,0.0015264574876117732
convenient,0.0015020489424932228
home,0.0014890349051059515
when,0.0014815683804383685
don,0.0014803997369988728
me,0.0014745130303733726
hard,0.0014649520049614412
normal,0.00146006855711495
years,0.001459670832156692
usb,0.001452969488476345
day,0.0014528394715544867
price,0.00145002376947883
great,0.0014435236739950147
range,0.0014433070057942796
overall,0.0014396739372682693
earphones,0.0014393621682528706
delivery,0.001434586713709578
update,0.0014279316793524759
make,0.001426698984053994
high,0.0014212390632692658
before,0.0014084438120398964
ok,0.0013990030566832367
hours,0.0013985212534773405
like,0.0013933873235035365
long,0.0013921444016297207
well,0.0013819192326788574
has,0.0013807832104401588
battery,0.001376625193759316
worth,0.001375686937139913
problem,0.0013708988618680998
only,0.0013684975281363654
frequency,0.0013644150376871148
pro,0.0013602256990990346
review,0.0013600349908668224
plastic,0.0013583617097456344
just,0.0013519583550387721
durable,0.001351638917127203
could,0.0013504382608804932
does,0.0013381747819832467
useful,0.001336942758375946
really,0.0013304148523891077
purchase,0.0013277990670013443
price_tier_ordinal,0.0013217673455802553
works,0.0013182918216065908
months,0.0013177668722672044
go,0.0013146856842301212
backup,0.0013135633992222833
music,0.0013075262157222645
after,0.0012959879261993427
looks,0.0012857690745232064
box,0.0012795653291627085
there,0.001275017371667345
other,0.0012743134601092745
date,0.0012732229305984575
used,0.0012714129832664923
over,0.0012712645089287505
original,0.0012701506415048937
material,0.0012614457083812455
power,0.0012564591498939774
device,0.0012561399305951865
ear,0.0012442726501705542
please,0.0012432668657477203
wired,0.0012414434811880387
we,0.0012409831231334502
smooth,0.0012361300138943932
small,0.0012355810296620971
handle,0.0012306535510705117
affordable,0.0012256371147471713
soft,0.0012236687040961102
built,0.0012182476034650423
get,0.0012169970779260884
am,0.001214308522405471
purchased,0.001198533986322427
connectivity,0.0011983939104148727
gaming,0.0011981531682127076
been,0.0011940528350601843
12,0.0011907299582182551
screen,0.001185205525489881
smartphones,0.0011842470922375108
too,0.0011721436353981313
clean,0.0011718376701252398
watch,0.001167574689611186
fast,0.0011666335906712815
comes,0.0011568879795598556
type,0.0011549900759534393
non,0.0011542132122993865
charging,0.0011535399790455429
still,0.0011476328465653243
out,0.0011459239725622405
jpg,0.0011420502638057502
days,0.001136592668449525
corrosion,0.0011287208636424932
10,0.0011269644194027897
control,0.0011250768578884335
touch,0.0011190537981428611
want,0.0011175632319012083
media,0.0011172687164794307
looking,0.0011144184446205577
doesn,0.0011104245890274996
compatible,0.00111014882890695
now,0.0011083182439035315
storage,0.001102376460370851
they,0.0011016443068047896
connect,0.0010975592889246725
improve,0.001094617106849417
calls,0.0010921401716200672
would,0.0010861225964253272
feature,0.0010860341544061912
50,0.0010835937275592393
heat,0.0010777744086175097
packaging,0.001076909840156886
free,0.0010764709922773945
worked,0.0010760317779740117
much,0.0010758715363173449
full,0.0010742924117951927
video,0.001072750850932537
com,0.0010626427230638138
last,0.0010594739486915119
bass,0.0010572171258193788
even,0.0010460002324352677
heart,0.0010426558292996383
plug,0.0010424280496158281
sturdy,0.0010376406934954063
size,0.0010363694081440165
signal,0.001031754233386686
most,0.001025781558162124
mouse,0.0010246759932287782
many,0.0010203723731917926
set,0.0010202192682376196
inch,0.0010129324583779175
noise,0.0010122431998568207
then,0.0010118754905336037
without,0.0010085128212746462
length,0.0010022303552630406
read,0.0009952202266303612
office,0.0009926863882858232
nano,0.000987351904730028
additional,0.0009871674219418638
plus,0.000985197336406717
new,0.0009798918415131746
got,0.000978577471755533
satisfied,0.000976830195010042
top,0.0009768051499921084
designed,0.0009760115929832195
15,0.0009730313891775096
laptop,0.0009678476755251491
picture,0.00096614488630632
category_main_Computers&Accessories,0.0009648452563545607
help,0.0009623022631591153
button,0.0009611905731412879
portable,0.0009604537253599311
earphone,0.0009579570843701981
memory,0.0009549270856765856
need,0.0009546876434395087
cover,0.0009542718138796503
excellent,0.0009542440462739021
wall,0.0009511608154916084
pc,0.0009495568602454882
charge,0.0009478263528248589
within,0.000940665914229206
heater,0.0009375596268281786
our,0.0009374387820827759
apple,0.0009366956762741558
had,0.0009330330390539553
support,0.0009320387012874613
item,0.0009293127351746143
reasonable,0.0009249295064113234
require,0.0009229995540373859
features,0.000921260547922922
android,0.0009206903002764862
take,0.0009198369819246357
protect,0.0009184031236943793
low,0.0009143211898854558
bit,0.0009094583392238955
bad,0.0009083846305876124
into,0.0009061119754122612
decent,0.0009057538397477022
safety,0.0009031876397104689
under,0.0009016159673075901
port,0.0008996467188763996
data,0.0008941092794393813
maker,0.0008935873201489935
water,0.0008931233854455931
having,0.0008929533634570642
adjustable,0.0008928826918609366
quite,0.000890940527785844
times,0.0008901509943223865
boat,0.0008860194717378964
adapter,0.0008774451204102015
rate,0.0008743980110013739
etc,0.0008732809863543847
light,0.0008715865958724302
keep,0.0008695211707183602
press,0.0008692361247418952
these,0.0008657895916546809
work,0.0008650956348323819
never,0.0008638987888836297
first,0.0008606858910359805
issue,0.0008591878852311173
few,0.0008590302121394176
package,0.0008571726144478162
thing,0.0008553927270198696
superb,0.0008517720864494606
auto,0.0008515437663561283
expected,0.0008493219266269746
category_main_Electronics,0.0008484693248689114
happy,0.0008479871892038324
simple,0.0008477827691113708
put,0.0008445617701673112
technology,0.0008383150892919396
makes,0.0008355711439542301
provided,0.000833313915210685
hdmi,0.0008316277997247834
upto,0.0008312180004133787
friendly,0.0008297461303182612
do,0.0008267455354006499
issues,0.0008252747726020676
lot,0.0008240678038334543
mic,0.0008234690079162924
100,0.0008213568681894077
air,0.0008212278315744255
same,0.0008211119454009145
think,0.0008192184775489137
buying,0.0008189303196007227
premium,0.0008177328315295712
smart,0.0008168958362860096
service,0.0008164545946948376
usage,0.0008160759028346264
automatically,0.0008131382850538399
suitable,0.0008097390030693588
durability,0.0008085366344628214
compatibility,0.0008077117861468895
https,0.0008029361064331621
installation,0.0008023007031533383
what,0.0008020602404170524
dual,0.0008008916868463252
heating,0.0008003225798087404
such,0.000799838176191709
customer,0.0007997527958254588
recommended,0.0007974291566277302
making,0.000795156334245264
user,0.0007935366022701705
since,0.0007915453329757806
weight,0.000787906929228452
daily,0.0007852284668733665
pretty,0.0007851789460984536
little,0.0007836561428844393
efficient,0.0007832239993108321
balanced,0.0007823000504711622
far,0.0007818917078916724
super,0.000781610942977703
audio,0.0007814429897910508
body,0.0007800791468285722
photos,0.0007775196923411233
ports,0.0007762075928602659
computer,0.0007748595243847689
heavy,0.0007743630786309534
500,0.000772177030902042
band,0.0007710399998321357
complain,0.0007705619671249707
motor,0.0007695669711915587
color,0.000768551912022659
processor,0.000768295409544531
amoled,0.0007664968360764117
manual,0.0007654590953909507
month,0.0007652653597197389
colour,0.0007647044164824782
worthy,0.0007645532363863791
both,0.0007622087937587074
brand,0.0007614018151005267
due,0.0007612876197318746
everything,0.0007602953996093879
hot,0.0007589494412732856
wide,0.0007585427227051901
less,0.0007578717946965011
charger,0.0007556384576227986
room,0.0007549691301654357
say,0.0007549122370187888
coffee,0.0007524942223943414
safe,0.0007518371025708515
enough,0.000748577682197344
grip,0.0007483448224220261
os,0.0007471742109252214
wire,0.0007442944097719422
store,0.0007428591636077864
feel,0.0007405040988301327
going,0.0007365705597335709
included,0.0007357844028606106
operation,0.0007343949191679359
products,0.0007318687886187246
fit,0.0007314441068333679
protection,0.0007294362812829446
windows,0.0007271979074920248
switch,0.0007249493947768234
awesome,0.0007205387377260227
getting,0.0007203943249893219
writing,0.0007189367435182102
_sy88,0.0007187120225048956
kitchen,0.0007164511123687248
extra,0.0007155226940483249
smartwatch,0.0007146673566087397
powerful,0.0007144506266857852
bluetooth,0.0007134638473595666
okay,0.000712995615061321
tried,0.0007118247242175401
ideal,0.0007114982727448579
short,0.0007094983002363245
keeps,0.0007086269221821441
care,0.0007076003272975475
every,0.0007046207099716383
hear,0.000702434851269426
steel,0.000700678113719821
iphone,0.0006996190232732222
60,0.0006993173251992149
capacity,0.0006981508374548255
easily,0.0006979605293126016
sync,0.0006955450574702616
ipad,0.0006955126877315
replacement,0.0006952228075501905
samsung,0.0006933615847963333
winter,0.0006895093537145813
google,0.0006864242957959585
purpose,0.0006855314202449418
batteries,0.000684810531295996
poor,0.0006814153725074661
different,0.0006800130053568997
contact,0.000679342465300395
always,0.0006766167473476673
contacts,0.0006731950256980508
resistant,0.0006730651580935354
minutes,0.0006724262797503974
compact,0.0006715945704396222
play,0.0006695664162391954
tested,0.0006692120887371686
amazing,0.0006691481044263647
rest,0.00066855444270169
gives,0.0006660989171239511
temperature,0.0006657053371375164
option,0.0006643335660192001
repaired,0.0006619547391055871
done,0.000658109796874467
mode,0.0006575057704442624
via,0.0006571235981998807
based,0.0006550724870710691
178,0.0006539912971099517
nothing,0.0006512906937330301
description,0.0006500739022136634
faces,0.0006492149571242962
images,0.0006477124794955924
machine,0.00064678350490268
mbps,0.0006463392549269258
provide,0.0006452755417941233
superior,0.0006440069560754995
cables,0.0006410251174681561
ultra,0.0006369516526725477
operating,0.0006355440489298835
comfortable,0.0006349951862939118
key,0.0006341734688077758
allows,0.0006336564290814011
didn,0.0006308807436973837
food,0.0006290267230492057
viewing,0.0006284247228809611
image,0.000627823545746339
metal,0.000627147334822482
two,0.0006268787354106324
big,0.0006264716069898014
tasks,0.00062581916118946
sure,0.0006243280395203441
drives,0.0006241726624200556
carry,0.0006240285826753074
yes,0.0006238972705554382
quick,0.0006211198708522519
output,0.0006201197963683285
thick,0.0006200683400810631
those,0.000619443942107265
angle,0.0006174635168704468
watts,0.0006161448380646193
20,0.0006161140628063138
30,0.0006159747680094339
loud,0.0006116657518533401
because,0.0006103682884907814
yet,0.0006100854843591604
surface,0.0006091821643906712
order,0.0006087681307574963
ensure,0.0006087247722130752
build,0.0006082376757911833
hrs,0.0006077655835712162
hd,0.0006047352869907152
sports,0.0006038059448907584
place,0.0006031888776388604
visit,0.0006022345374932078
resolution,0.0005998981958615279
blade,0.0005985219155271651
lightweight,0.0005976927678448261
see,0.0005970862166814717
install,0.0005954589465102692
job,0.0005868942979034815
microphone,0.0005835268689545952
look,0.0005834381182382848
recommend,0.0005824049080533477
may,0.000581746597764016
max,0.0005803866806577672
lesser,0.0005791690031888851
modes,0.0005785897645480087
128gb,0.0005784012879431715
who,0.0005778562605719558
clear,0.0005771066927163698
required,0.0005767618178609942
functions,0.0005751122069094002
something,0.0005749281641064301
front,0.0005737014955409047
deal,0.0005735680913913668
them,0.0005717728444851371
received,0.000571761331425787
once,0.000571076117171741
input,0.0005708210513929584
reliable,0.0005706462802634269
connection,0.0005703545175289416
gold,0.0005695304315679429
cost,0.0005694952118981236
single,0.0005689251351158402
stand,0.000567451666577413
family,0.0005663991789495683
damaged,0.0005659481376383446
name,0.0005652969075183111
large,0.000565154536325148
response,0.0005644071410722472
defects,0.0005623963772666226
above,0.0005613020622601843
run,0.0005609366878345003
shape,0.0005595099174697328
app,0.0005584001088353259
along,0.0005577341500971921
won,0.0005572239184246381
jars,0.0005567492483240559
led,0.0005558735099385495
remove,0.0005518381413088198
minute,0.0005497059360200388
fake,0.0005491424112149485
give,0.0005484906352483931
space,0.0005439090376172492
kit,0.0005423548534810608
rs,0.0005390762645297398
added,0.0005385404839122519
jack,0.0005381952412269288
gets,0.0005376053731954334
car,0.0005363152039039023
match,0.000535330706669158
part,0.0005353055982892886
properly,0.0005350280650365018
11,0.0005344043021028098
green,0.0005342807097197499
available,0.0005339710140081746
colours,0.0005338165753747346
cheap,0.0005331002120098317
micro,0.0005328819737106899
peripherals,0.0005311721049509555
side,0.0005304868272631971
demo,0.0005302339054361221
interface,0.0005301254125197728
might,0.0005272345434578157
bottom,0.0005271349691240165
liked,0.0005266559219704033
during,0.0005258513743008159
seconds,0.0005228600248014453
love,0.0005228375044534985
hold,0.0005202112620465143
degree,0.0005200123286932394
manufacturer,0.0005165887118601069
feels,0.0005155585396978632
anywhere,0.0005153665125845918
watt,0.0005150705149294856
anti,0.0005142370124123731
kids,0.0005134396454893411
saving,0.0005126812220604001
enabled,0.0005115613121116889
grade,0.0005104792514037436
sim,0.0005096613087162064
transfer,0.0005087437912800167
router,0.0005074253462186854
found,0.0005073753666459556
laptops,0.0005070194325506775
sd,0.0005067285842355345
perfectly,0.0005059738713912921
case,0.0005057998326869773
provides,0.0005056817276232836
ordered,0.0005020827315585201
dry,0.0005003666034230527
level,0.0005001887285079751
mm,0.000499784827375889
delivered,0.0004995413255690485
buttons,0.0004962574976551175
note,0.000494408930896337
second,0.0004940630804661354
includes,0.0004940479626463292
copper,0.0004933415934887432
wise,0.0004931817538505841
return,0.0004922733313247976
difference,0.0004918718971386909
handy,0.0004911377161506353
faster,0.0004908894090082087
cleaning,0.0004901859066271443
per,0.0004898166887240325
comprehensive,0.0004890504273296634
calling,0.00048823623870240194
base,0.0004874325565537482
directly,0.00048570857204264785
cord,0.0004855075158940377
right,0.0004853865380833608
recently,0.00048525836015965933
ready,0.00048494122354201033
voltage,0.000484234104795624
regular,0.00048351851392153077
optical,0.00048345051034655377
hai,0.00048273355543859676
come,0.0004818671132170513
indicator,0.00048136562712933217
travel,0.0004812725379575504
sandisk,0.0004789146477892782
try,0.00047880850782262
ever,0.00047806135815088195
needs,0.0004766727257566781
unit,0.0004751567424065544
why,0.00047421390331315216
simultaneously,0.00047385404921180727
13,0.0004736375400221153
monitor,0.00047319002918954755
came,0.00047273289168042374
options,0.00047271538162516204
company,0.0004716573448114367
container,0.000471570070460233
fresh,0.0004671508202582095
isn,0.00046706790561866555
quickly,0.0004666006643984626
avoid,0.00046549518513147505
150,0.00046515825868841636
charges,0.0004646073395608993
spo2,0.00046194474034358786
back,0.0004613423756829505
enjoy,0.000461300184144464
seems,0.00046073054884541444
cut,0.0004604592188024217
verdict,0.0004601650444526156
headphone,0.00046015549645266664
logitech,0.0004597807781741493
india,0.0004582698906990891
function,0.00045749105038719407
4ghz,0.0004559396261792543
distance,0.00045542044339425794
ones,0.0004553764699490062
things,0.00045488241283801745
itself,0.00045484097622398005
pros,0.00045466205151471523
components,0.0004545910028862168
cold,0.00045452652487107246
expect,0.0004543968313420279
cool,0.00045385246405737947
natural,0.0004535991831241055
health,0.0004535156056509068
fan,0.0004519557628826994
variety,0.0004516861829770218
cup,0.00045113709709185246
5g,0.00045058736850850953
photo,0.00045030272070541286
old,0.0004486426958070589
thank,0.0004475259828448557
youtube,0.00044690865154446366
know,0.0004464524674813826
gb,0.00044592076016634636
mounting,0.000445617394894125
gift,0.00044548305848796744
solid,0.00044511082637680935
iron,0.00044445648146777995
regularly,0.00044445607536071954
nylon,0.00044375431003739884
fhd,0.00044350699715996764
instant,0.00044310769903504733
till,0.0004428657085970129
satisfactory,0.00044277296646388914
brands,0.0004425658400236426
cpu,0.0004422452571281566
turn,0.0004401814482117933
rpm,0.00044004156974837696
lint,0.0004395547071105943
simply,0.00043931955348938494
ui,0.00043803551392650647
seller,0.00043691159807045737
instead,0.00043673857818233707
mixer,0.0004358761907194838
supports,0.0004354460511101601
finish,0.0004299631384198192
external,0.0004293163669422614
fiber,0.0004292373716404936
takes,0.00042858055993748946
resistance,0.0004281904340503527
heats,0.0004277699946066735
offers,0.00042712182126070363
ensures,0.00042707820422441636
system,0.00042584167471753335
broken,0.00042571679233378845
given,0.000424716778848484
webp_402378,0.0004235581782438039
again,0.000423002695223695
definitely,0.00042168033567195417
volume,0.00042102106845759934
40,0.00042067870012848515
write,0.0004202500451666866
playback,0.0004190125457864713
loved,0.0004189580708985165
slow,0.00041875592643388
faced,0.00041846973001462257
10w,0.0004183412250924652
coated,0.0004177008670754468
were,0.000417673090564612
slot,0.00041691121864951365
however,0.0004168457950618013
clothes,0.0004162746395797506
each,0.00041571876431132786
excessive,0.00041557892301620454
33w,0.00041529659203222636
weeks,0.00041479182171506217
number,0.0004145191127159593
details,0.0004137543526307063
totally,0.00041336229832479024
reviews,0.0004131064098856732
notification,0.00041307749363256476
scratches,0.00041262898068727526
similar,0.00041250432103691527
needed,0.0004124547283510906
packing,0.00041143399252613707
push,0.00041119996832288445
setting,0.00041085083155212993
fully,0.00041079917465549855
240,0.00041062357735519614
specially,0.00041030938306310796
effective,0.0004093187503714857
flat,0.00040928065879054787
driver,0.0004092063390710713
way,0.0004091096118280357
later,0.00040851944472857437
though,0.0004079717882034239
eligible,0.0004078918755746168
table,0.0004076632078656595
glass,0.0004072863093642277
reduce,0.0004067932377211293
rubber,0.00040557643829912545
where,0.000405301429322335
damage,0.000405153426140652
hope,0.00040450767636847075
rear,0.0004043198429680564
connected,0.00040410525203600414
highly,0.0004036783267716117
certified,0.0004035625111152721
placing,0.00040222399850331475
tracking,0.0004018807413270454
smartphone,0.00040075646028051395
filter,0.0004006996797014946
matching,0.0003996343553445145
uses,0.0003993024284949955
wet,0.0003990817309983713
brightness,0.0003985397150476336
slim,0.00039828663397016226
sharp,0.00039783233475952667
giving,0.00039678048684285
source,0.00039645799393642694
below,0.0003963713495247555
another,0.0003960747856390552
setup,0.00039574050351341694
99,0.0003956851321949325
speaker,0.00039540928872337143
pin,0.000395390730214657
assistant,0.00039449295324148166
voice,0.00039405542502294293
ram,0.00039387345859082795
class,0.00039384287784441043
game,0.00039362390836142737
terms,0.0003933047337959005
through,0.00039330191452548896
ergonomic,0.00039213742441201994
reach,0.00039205736191916273
let,0.0003915041281380488
waste,0.0003909259540820024
installed,0.00039051595451590774
charged,0.00038979620145916124
stylish,0.00038957417009901393
medium,0.0003894699805481611
efficiency,0.00038864916403691716
including,0.0003885941504649963
piece,0.00038719333703124306
recent,0.0003871355917263747
area,0.00038659872707336493
latest,0.0003863305404128598
thats,0.000386166994878351
cons,0.00038565490764715994
keeping,0.0003853396540686224
worst,0.000385040516761307
track,0.0003848120794695706
hand,0.00038462758240041345
fits,0.0003844798769204967
90,0.00038395009030085765
universal,0.0003837178649449071
stick,0.0003836277373791708
own,0.00038268393369573865
strong,0.0003826182300474653
mentioned,0.00038215918185771126
meter,0.0003821338468650331
sometimes,0.00038144530729177113
down,0.0003812503119673485
games,0.00038122427237038747
element,0.00038011530195668154
50mp,0.0003779453946575943
favorite,0.00037713776194777716
meters,0.00037665930711905653
ratio,0.0003763728908355239
running,0.0003760483518657061
minimum,0.00037600443207956737
apps,0.00037586916478473927
precision,0.00037550744433231895
bright,0.0003749649917119049
accurate,0.00037446825751911224
black,0.0003741514243635882
multiple,0.00037345122168153566
did,0.00037270622524815465
speeds,0.00037264459293539506
flexible,0.0003725375675435182
proof,0.00037247837499247526
security,0.0003721134030214867
move,0.0003719909729729398
stainless,0.0003717089041419562
mount,0.00037075922825944777
lag,0.0003705602199740505
line,0.00037046916991160964
powered,0.0003676509164521463
felt,0.00036705522345673844
actual,0.00036667510211842934
country,0.00036633334020981875
blue,0.00036628648311666425
5mm,0.00036566119256565194
according,0.00036447182750112155
mac,0.00036382115517978575
1000,0.0003619969275970613
stable,0.00036117901115077333
netflix,0.00036063113675627084
returns,0.0003605225580024354
end,0.00035724387363764886
cm,0.00035700886814489416
doing,0.0003569022835528407
wish,0.0003565938965104044
probably,0.0003543013691179521
click,0.0003538801307104619
rooms,0.00035363786434205075
5000,0.0003534962115876513
dpi,0.0003531621386054516
waterproof,0.0003529384358855086
wifi,0.0003527683230702166
deep,0.00035206538821991285
bank,0.00035204374238709686
center,0.0003519752393123571
tablets,0.0003519057956316114
listening,0.00035142783757745885
show,0.0003512924693228269
total,0.0003508888938238615
house,0.00034997076415289256
pack,0.000349916638377172
ethernet,0.0003497738209244856
lcd,0.0003497727511943818
inside,0.0003487303926441934
equipped,0.00034777853657278575
serves,0.0003473558791785222
basic,0.000347271754094573
80,0.0003471779988645034
stay,0.00034649864241754195
although,0.00034612266595018614
skin,0.00034597462458256886
specifications,0.00034590592780669744
find,0.0003454416237460475
limited,0.00034533569917791
hertz,0.0003445807923790632
point,0.0003428992837180103
offer,0.0003425031896146604
origin,0.00034227763736414414
pen,0.0003413375366633851
swivel,0.00034127920052720465
consumption,0.00034114060962351495
advanced,0.00034105178386960544
surfaces,0.00034101887618534005
else,0.0003409141897591455
triple,0.00034084490425875975
edges,0.0003405981701461899
oneplus,0.000340126397686637
delicate,0.00033898256132546857
break,0.00033886042370112374
kept,0.0003378562784385577
comfort,0.0003376034484330017
changed,0.0003370836986169952
face,0.00033674203191812527
away,0.0003366813163201747
32,0.000336534290936719
5v,0.0003364843970588716
save,0.00033634152334003535
shown,0.0003358508746869526
us,0.0003346361418469678
earlier,0.0003345345102052039
network,0.0003344799274866882
maintain,0.00033382849572127457
18,0.0003336686297701391
transmission,0.000333472056933588
plate,0.0003334141557625241
easier,0.0003332391889539445
thermostat,0.00033252201086157816
multi,0.0003311341505804863
access,0.0003305130744532748
being,0.00032974968573191006
next,0.000328668285680681
blood,0.0003285464710934233
priced,0.0003285393838382508
bar,0.0003283541607706047
sufficient,0.0003283441249552586
panel,0.0003271855474452903
change,0.00032654953585645554
22,0.00032620136706350104
configuration,0.0003259900471893352
adapters,0.00032596039196863835
reason,0.0003233097003576699
online,0.000322657880131872
2mp,0.00032190361735950354
banks,0.0003217485448727616
check,0.0003214680969526934
expensive,0.0003211893463723658
lg,0.0003207286941145149
wear,0.00032033587509269616
disappointed,0.0003201160184367681
beautiful,0.0003197848351990117
sleek,0.00031952605870338166
possible,0.0003182488932317848
bathroom,0.0003181271868269634
said,0.0003176744498635387
unique,0.00031756301256181973
jar,0.00031750107268362874
wanted,0.0003174057866728523
pad,0.00031722984972940563
bed,0.00031712818693783497
maximum,0.000317062762905762
helpful,0.00031660151015463405
fixed,0.00031609097592993934
attached,0.00031588232643677645
hands,0.0003154259781853124
litres,0.00031507748950305086
bigger,0.0003150548604979001
receiver,0.00031474926337396485
ll,0.0003140435937369287
connecting,0.000313499785338046
digital,0.00031330150748507007
bends,0.0003132834200042645
480mbps,0.0003129871751333428
strength,0.0003129313977430767
25,0.0003126921228701939
exchange,0.0003126681137905806
lid,0.0003122250573483148
speakers,0.0003121983542326443
thanks,0.00031190046307020517
means,0.00031085899634794204
360,0.0003107238415225163
grill,0.0003096994071797819
helps,0.0003090505041898016
shows,0.00030867226681789456
cancellation,0.00030845914401886923
8mp,0.00030842710804769363
interference,0.00030821230026541814
initial,0.00030817131694533607
week,0.0003079823808712314
2nd,0.000307426467504753
feet,0.0003074029929529363
how,0.00030728516228280527
flow,0.0003067358618897188
stuff,0.00030611688799722284
16,0.0003057949450628672
motion,0.00030511375786845195
web,0.0003047078949474448
tank,0.0003045329790633048
height,0.0003044522006568883
24,0.00030428360831972426
dial,0.0003039928733666161
here,0.00030396324345782863
mini,0.000303908543856239
phones,0.0003037751967983537
grinding,0.00030288621951303024
rupees,0.00030274555229018807
pic,0.00030205038585895947
aluminium,0.0003018608847800895
third,0.0003015309732154935
double,0.0003013318307928085
lost,0.00030106032374377324
wattage,0.00030072552188242725
style,0.00030057148416611943
lets,0.0003003150972706479
protects,0.00030014378470323653
equipment,0.00030012665500409497
already,0.0002989006007880481
holder,0.00029875133190675803
trust,0.0002982880740375253
extended,0.0002982750250249429
doubt,0.0002981196504086671
files,0.0002967436866210664
fabric,0.0002966840584691115
ears,0.0002964569951684571
everyone,0.0002961938247125718
drive,0.0002959354852563437
centre,0.000295469625752131
hour,0.0002953474896005907
4k,0.00029520620648755595
400,0.00029450261934691233
ghz,0.00029427970825534786
miss,0.0002939815044243258
facing,0.0002939559863765433
centimeters,0.00029368381848161407
mah,0.00029326897490567963
pocket,0.0002929783699431566
hence,0.0002922128143154946
result,0.00029211834380806634
cook,0.0002917478934360518
sensor,0.00029172746516915643
closed,0.00029163943391855186
improved,0.00029073049787049364
thought,0.00029050503961000086
replaced,0.00029040707171848213
cause,0.00029016348201505105
bandwidth,0.00028988757186340376
controls,0.0002895563357068066
view,0.0002894835951586345
hair,0.0002891505438246901
types,0.0002890942023209463
milk,0.0002889815173342756
open,0.0002887365924342871
layer,0.0002880478065275122
electric,0.00028802418684238445
connects,0.0002870143144317605
whole,0.0002868231974582582
connectors,0.0002867371136647908
technician,0.00028645361128009934
mark,0.000286131792773911
live,0.0002859644516292828
warm,0.0002858411880742968
suit,0.00028582235883094974
tight,0.00028564923906438137
person,0.0002849186269075334
removes,0.00028474238519208384
hz,0.00028404073847141254
start,0.0002837363912004135
series,0.0002836636632883834
wires,0.00028358266086589185
three,0.00028347950709581933
shielding,0.00028331366918053373
dust,0.00028325986295728637
mine,0.00028285240137101124
ft,0.00028277652160445417
standards,0.00028261333614760576
grinder,0.0002806733444469284
longer,0.0002802520352899247
especially,0.0002797576504609707
mi,0.0002795702879765071
standard,0.0002795596805613168
internet,0.00027931001055950234
between,0.00027807771531310356
pick,0.0002777214813849782
coming,0.0002776446813592505
parts,0.0002775854615064718
bag,0.00027626307129349103
prevent,0.0002759037608417231
providing,0.0002758494115135003
ac,0.0002758408667481534
wi,0.00027567928922546717
tablet,0.0002756767686821959
add,0.00027554971024330177
pressure,0.00027441603220042563
favourite,0.00027421730470995334
considering,0.00027413547524830317
software,0.0002739598033834621
annoying,0.00027351856695627814
able,0.00027342837211686107
levels,0.00027309502715851795
song,0.00027295407716264477
1500,0.00027188520138128543
lasting,0.0002716242984573793
test,0.00027146903350664205
gen,0.0002712158859228421
blades,0.0002709551455250495
mind,0.0002706110282079667
current,0.0002705709519335595
sony,0.00026977524558719754
launch,0.00026968403537301963
operate,0.0002692398226560674
period,0.00026886532458565736
saves,0.0002684923960830783
min,0.00026797885529902143
left,0.0002679011030153536
local,0.00026780301988382435
re,0.0002675620329192349
several,0.00026732001861648106
loose,0.0002670668570671922
flash,0.0002670229992656737
twice,0.00026694477153894154
capable,0.00026693238413184656
seen,0.0002666892225343781
controller,0.0002662110935310239
69,0.000265862130078606
settings,0.00026543763491189453
keys,0.0002638378312772416
manufacturing,0.00026327180032467825
separate,0.00026300504909197974
become,0.000262852956902918
geyser,0.00026215985193922943
sleep,0.0002619448638279424
000,0.00026184825673350345
abs,0.00026182869530223953
cloud,0.00026179832530787714
dth,0.00026130263477052254
model,0.00026115282996143336
requires,0.00026104606283211827
special,0.00026043367446066084
otherwise,0.00026041376477873245
stop,0.0002593067551921631
deliver,0.00025911480646757367
people,0.00025888237218813615
smaller,0.00025887717994134977
nd,0.0002578638744719835
suction,0.00025767584380783547
construction,0.00025765466287593736
performs,0.0002573866913591068
aluminum,0.00025737858182134046
keyboard,0.0002568826912574313
galaxy,0.0002568784982615397
fire,0.00025660179214825245
their,0.0002565484370117586
shock,0.00025639497689826585
metallic,0.00025627927442909625
neck,0.0002560893478844525
thermal,0.0002556659574490174
star,0.00025516979893580534
tap,0.0002549886422518979
5a,0.0002538033143801479
content,0.0002536745387626274
existing,0.0002534502653495655
version,0.0002531278689666367
flexibility,0.00025214468338144333
220,0.00025174984022563625
segment,0.0002506720394325624
night,0.0002504367964628818
lifespan,0.00025040612223109563
impressive,0.00025039187493834024
reading,0.0002498823335582862
gave,0.000249476811023159
ray,0.00024913237027215213
suite,0.00024893522513997235
rating,0.00024879853258685363
hassle,0.0002484965998316114
brush,0.0002475369803734024
serve,0.0002474548257035185
missing,0.0002474531725018698
comparison,0.00024691224730295287
clock,0.00024660828568478935
convenience,0.0002463910809347136
refresh,0.00024625711671956966
taking,0.00024624062759543786
complaint,0.00024577686339822993
slip,0.0002455701514200532
floor,0.00024520122611291004
depends,0.0002451713948208494
couple,0.000245137549352259
stopped,0.000244758247194865
db,0.0002442453753887631
heated,0.000243627154764244
rated,0.00024346750979497046
videos,0.00024285416625443698
half,0.00024263639976566535
market,0.00024210863232600375
bt,0.00024153520221091603
saw,0.00024136146803740006
clicks,0.00024119288587012597
entire,0.0002401574220043961
pages,0.00024001438750227274
drivers,0.00023979389615152189
television,0.00023959465907054002
crisp,0.00023927461856250676
meets,0.00023869530387256825
he,0.00023836814271672833
stars,0.00023810059839306845
checked,0.00023808481369350104
dont,0.0002380077929022915
costly,0.00023790719435535967
insert,0.00023750387474874736
slightly,0.000237452789244148
others,0.000237131297426251
mids,0.00023676215899316925
vivid,0.00023674251621908787
boiling,0.0002362584781804966
team,0.00023619867185603778
understand,0.00023605224341665076
cloth,0.00023408149973681866
foldable,0.00023399772248583573
invoice,0.00023397123313785746
treble,0.0002338012848941499
adjust,0.00023331431937172311
count,0.0002330538337812769
various,0.00023297321238501404
starts,0.00023258831637131688
difficult,0.00023253452200482078
pay,0.00023241038087933006
dell,0.00023145919313458728
either,0.00023145705054139408
items,0.00023122828906189474
rust,0.00023120063457119343
multipurpose,0.0002311358941015008
64,0.00023079117282803302
technical,0.00023071062089610788
protected,0.00023032904780619676
inches,0.00023012330976583683
streaming,0.00022992866365477467
pain,0.00022992376067218048
hp,0.0002298136691445769
condition,0.0002293277149778028
past,0.00022912569604122775
thinking,0.0002289691160936224
consoles,0.00022803656244913025
headset,0.00022734267632937378
questions,0.000227276388142126
longevity,0.00022619411508503307
four,0.00022531343725359554
mediatek,0.00022521615657342537
seamless,0.00022494822966991459
filters,0.00022466067611373963
weak,0.0002243427534762596
pictures,0.00022433602295806717
wrist,0.00022413617825862566
chutney,0.0002238731553469389
further,0.00022385338618235895
ease,0.00022337940315062487
rather,0.00022327434457146249
fun,0.00022319065522221804
fantastic,0.0002230862398563712
fi,0.00022303715101288613
took,0.0002229966904075057
braided,0.00022277572708717525
circuit,0.00022267925372309124
wonderful,0.00022222454455051444
enhanced,0.00022221180272121512
cooking,0.00022219060116721316
cameras,0.00022187873432898472
clearly,0.00022159275900915073
pairing,0.00022142401951002555
xr,0.00022140626211317828
lasts,0.0002209974634727551
tangle,0.00022021242151841922
smell,0.00021994301595293524
remotes,0.00021963806174333131
supply,0.0002192198471369615
guide,0.00021796386653684117
volts,0.00021795954912426957
higher,0.00021770949151898424
chrome,0.00021737508409761238
efficiently,0.00021719104567061065
tough,0.00021666442720529508
paper,0.00021643832205649365
1tb,0.00021571656744474033
coating,0.0002157032626400598
hi,0.00021545324106188071
computers,0.00021541568585873905
1st,0.00021529314565854187
load,0.00021520976402131435
latency,0.00021506270446392813
elegant,0.00021495358504696838
playing,0.00021430515446444143
amount,0.00021423364430782726
adding,0.00021413736224741863
lock,0.00021394498808059462
sent,0.0002139124476927108
300,0.00021354577109955762
process,0.00021346209850235066
tips,0.00021335576428944657
desk,0.00021284128739941402
across,0.00021265178825233673
channels,0.00021216360188561648
immediately,0.00021204713863608442
electricity,0.0002119905360828464
integrated,0.00021191417053219736
console,0.00021149190665061611
main,0.00021134595852778011
inlet,0.00021118519655310215
accessories,0.00021034918444476702
automatic,0.00021029492391758106
search,0.00020992940996850674
print,0.00020979813846772177
prevents,0.00020978270496055135
plugging,0.00020969048772379988
completely,0.00020950552533322976
corded,0.00020929629813304287
detachable,0.0002090655008866339
200,0.00020899249359003546
liquid,0.00020894305927035981
actually,0.00020861586143068128
male,0.00020832283149999455
personal,0.00020809500031757292
upon,0.0002080031138645283
solution,0.00020787655048736388
quad,0.00020783952431728387
bring,0.00020743593987108903
useless,0.000207230973863868
mins,0.00020712224106944453
wrap,0.0002069244663604972
instructions,0.00020614868588678958
connector,0.00020590845814651192
disconnect,0.00020563764272108785
whatsapp,0.00020509018311443218
testing,0.0002050674840656451
disconnected,0.0002049444636315443
toll,0.00020475386148653378
3d,0.00020472270222368107
choice,0.0002046983721697367
beginners,0.00020463203249212035
songs,0.00020462384572747888
huge,0.0002043116322967753
reply,0.0002042276790642721
standby,0.0002040497463623041
3a,0.00020375300201381976
grind,0.00020367590590404216
knob,0.00020364776858974184
soon,0.00020294876358267254
macbook,0.00020289536165314027
removed,0.00020266264692636897
overheating,0.00020254429381113995
says,0.0002023028327560603
movement,0.00020208765920211425
everyday,0.00020188816852566185
capture,0.00020178009224027147
cooling,0.0002001661122534404
noticed,0.00020015132401146995
against,0.0001990886111711674
showing,0.00019908006752970595
5mp,0.00019903964749117627
qualcomm,0.00019888661212848669
anyone,0.00019885331431104844
direct,0.00019866513521151643
4a,0.00019862678415453273
empty,0.00019846165930551698
slight,0.00019838457411526102
major,0.0001983529290473775
gamers,0.0001980841125741559
withstand,0.00019738381868052957
supported,0.00019735229465988184
white,0.00019713941174450477
social,0.0001968644476274655
secure,0.00019643645870748226
6s,0.00019642739208610677
membrane,0.00019618990327877563
opened,0.00019579075361892914
crompton,0.0001956791971046029
turns,0.00019566867429114147
mechanism,0.00019551214600755593
kind,0.00019541386071708785
outer,0.00019504970744790682
activate,0.00019496695882023475
purifier,0.00019454982855737838
pvc,0.0001942264425663608
55,0.0001934997988431868
platform,0.00019295635082204648
prefer,0.0001926707216942363
increases,0.00019266527092256315
female,0.0001921405134868663
conditions,0.000191887455150512
mb,0.00019174006759297376
related,0.00019171432086283023
ml,0.00019163119982967036
link,0.0001916014472565875
gud,0.00019131996453337284
energy,0.00019129573548150943
sofa,0.00019110368277043617
watching,0.00019094575823371077
2022,0.00019076101107956807
taste,0.00019073988162393587
drink,0.00019054123807497796
havells,0.0001902637019888915
covers,0.00019004849178025045
previous,0.00018937073209272486
red,0.00018935621975133815
colors,0.0001892979335269361
gorilla,0.00018865008571134466
con,0.00018830719069676176
eye,0.00018817849990428772
aware,0.00018814205398402437
enables,0.00018744027916048765
except,0.00018742912770431885
lights,0.0001873304004037314
problems,0.00018728594688610184
ott,0.00018702925205802106
request,0.000186504225907244
crystal,0.00018634564829619736
2000,0.00018622276605113197
choose,0.0001857610123784115
complete,0.00018567951193918002
flawlessly,0.00018534232248368615
pan,0.0001850971904494672
alternative,0.00018495448793040187
steam,0.00018478075401549086
placed,0.0001844359764380519
wait,0.0001843302465554749
fabrics,0.00018405072014298903
litre,0.00018404359151267201
dark,0.00018400428963872195
blender,0.00018309038363676207
14,0.00018306958309397117
decision,0.00018290132892641057
nicely,0.00018271462343210179
lamp,0.00018222478038330226
drains,0.0001816821402549607
anything,0.0001815767342379387
blu,0.00018147499590411213
bags,0.00018145870945314536
stereo,0.00018105821724450754
extremely,0.00018093442802559573
covered,0.00018084534370142692
texture,0.00018061007137404778
absolutely,0.00018046299175178038
boiled,0.00018017230929720897
degrees,0.0001796718025707703
pixels,0.0001788674417166815
stress,0.00017881541196277696
negative,0.00017837231651632516
desired,0.00017836775214811681
ends,0.0001783233035463451
kindly,0.00017816717242694944
adds,0.00017815404320711692
outlet,0.00017804261381248977
dimensions,0.00017752737545511616
changing,0.0001775003546339388
thin,0.0001774584419283725
tha,0.0001772419560081361
magnetic,0.00017712741318368287
rechargeable,0.0001770866456897776
requirement,0.00017684177414115242
ability,0.00017657695920893213
signature,0.00017570788820144823
wouldn,0.00017569553128040063
improves,0.00017518291471577637
purchasing,0.00017513248401151928
idea,0.00017506685211379533
brought,0.0001747440588282573
places,0.00017424758852917989
branded,0.0001737546194578905
disk,0.00017364868485319736
trouble,0.00017345513546159033
bajaj,0.00017336778034232497
tws,0.0001731499568192226
apart,0.0001729119151503081
compare,0.0001724831853236135
upgrade,0.00017240455589576965
worry,0.00017226121678808173
pipe,0.00017187199800575736
speak,0.00017161147451658662
10000,0.00017142030629930797
real,0.00017085272257883846
octa,0.00017081994130860767
background,0.00017072419776105924
75,0.00017057970005750428
obviously,0.00017040400129350426
ring,0.00017031641018163386
cannot,0.00017014199114816003
mean,0.00017012360310614887
screws,0.00017009723558555957
kettle,0.0001699550646407625
cell,0.00016983904938268083
materials,0.0001697364866397342
ii,0.00016940496675542732
chargers,0.0001692825182340473
warrenty,0.0001692544067970938
aaa,0.00016910537710382718
pd,0.0001689959175329468
ago,0.00016872838299150316
ordinary,0.00016866190423535455
t2,0.00016857470084175508
worldwide,0.00016840598868161184
indian,0.00016830231917719797
2gb,0.00016818461146963078
runs,0.00016816348992957484
engine,0.00016813640991066928
risk,0.00016812796385690877
pixel,0.0001680908506770958
juicer,0.00016802303935729336
sweat,0.00016787001718190645
atleast,0.00016766819354785875
transferring,0.00016748505117862052
tag,0.00016734027246619615
pieces,0.0001671201416250047
fitting,0.00016637449521957883
leakage,0.00016634632570427222
self,0.00016578298242720345
started,0.00016572411401870484
replace,0.0001652147028228848
mostly,0.0001652095706051201
ve,0.00016505301266719858
lover,0.00016472646863864888
60hz,0.00016460375621255916
necessary,0.0001639690876171292
ball,0.00016384872295493048
measuring,0.00016367752278399102
china,0.00016327207457354334
portrait,0.000163269249539319
tests,0.00016318300458745708
duty,0.00016258397056022954
information,0.00016243337219441694
leave,0.00016213180410311047
functional,0.00016202107856718543
suggest,0.0001618576246457611
larger,0.00016173982950483826
vertical,0.00016153529652904592
cordless,0.0001613444185254321
lightning,0.00016122608148298737
least,0.00016110583212036535
happen,0.00016097161732412575
believe,0.00016063852783716848
macro,0.00016018971343059708
sizes,0.00016005544419595862
smoothly,0.00015996286813558218
genuine,0.00015964274645464342
enable,0.0001595928627010387
repair,0.00015954526621164553
step,0.00015954026846545642
whenever,0.0001594616250762993
tone,0.00015940634648793064
guess,0.00015939516823019245
1200,0.0001593758078121322
imported,0.00015918237104833885
dolby,0.00015909068027279444
stuck,0.00015835248965608893
traveling,0.0001581018306645911
functioning,0.00015808634673026897
generic,0.0001580142732508061
steps,0.00015719078711341492
juice,0.00015712334463915953
ip,0.000156925040552514
areas,0.00015654046612160812
cleaner,0.00015619575779251063
improvement,0.0001560322323229732
foam,0.00015600417016462727
smoothies,0.00015577117533138995
robust,0.00015574387399634615
close,0.0001553385785007576
18w,0.00015524743676697628
went,0.000155053438702024
adjustment,0.00015450847019869745
stitching,0.00015445519915741095
older,0.00015439287980354918
asked,0.00015429670140201042
ink,0.00015404140563526008
spend,0.0001537526820692407
width,0.00015357461760561248
results,0.0001534628827039058
pull,0.00015333161304527417
silicone,0.00015259910942559218
protective,0.00015254139516657252
ur,0.00015235830364205725
modern,0.00015235109787126565
hotkeys,0.0001522987824610285
download,0.00015210483152188964
tracker,0.0001520543462367716
pure,0.00015198873172562696
fitted,0.00015187581435439286
opinion,0.00015175966178795948
packed,0.0001517533926940292
rgb,0.00015149186681507845
drawback,0.00015145899871402493
share,0.00015087023116981433
gym,0.00015077827916681657
philips,0.0001507394793038122
fm,0.00015054782728547806
sessions,0.00015037421302918245
usually,0.00015031764017921556
effect,0.00015031508111281206
cycle,0.000150297453919158
detailed,0.0001502510123469921
tripod,0.0001501749845062643
eco,0.00014999975900674187
sale,0.0001499341855703246
exactly,0.00014952008891653951
playtime,0.00014949614519503288
gamer,0.0001484071543140897
dedicated,0.00014811802999912832
send,0.0001480016928843283
polished,0.00014790829065223718
ipod,0.00014783066315325548
clip,0.00014764571952572447
handling,0.00014751845802152473
amp,0.0001473016912396078
observed,0.00014718432048274393
cms,0.00014704955419534435
lite,0.00014677058606049495
important,0.0001466474100469769
reduces,0.00014661976491881315
expandable,0.00014660419961707192
tightly,0.0001465740927648582
listen,0.00014631818547396764
played,0.00014612854558686457
rugged,0.0001460964251346839
socket,0.00014600030448836892
nokia,0.0001458853363160154
fall,0.0001458582381250043
upgraded,0.0001458519560116544
horizontally,0.00014565411619167778
forget,0.00014558559585684387
appear,0.00014549940892766045
holes,0.00014537659242685308
se,0.00014503049321006744
supporting,0.0001450171439698422
heaters,0.0001446931281101514
hardware,0.00014452362404503385
users,0.0001443589940612105
usable,0.00014418684028333025
accessory,0.00014399310256703337
updates,0.00014391907902065767
his,0.00014379199582887977
she,0.00014352789572111583
sized,0.00014352444551776064
someone,0.00014347130992983028
couldn,0.00014346000463696666
juices,0.00014337612916364575
appliance,0.00014311802610955212
widely,0.00014296644261578909
points,0.00014281142302660687
together,0.00014244101316434466
dirt,0.00014222554480798196
snapdragon,0.00014221761643136663
direction,0.00014216364603656306
worried,0.00014211936918691502
rapid,0.00014196835310123311
true,0.0001416947625890433
drops,0.00014161118522595129
removing,0.00014159278795577407
mounted,0.00014146976583539694
head,0.00014143498185085744
ultimate,0.00014138000554971198
increase,0.00014137127409187105
curved,0.0001412970873807038
despite,0.00014110668127781173
post,0.0001408573600874994
straight,0.00014039006151467012
attractive,0.00014035244908427308
virtual,0.0001402911090835604
application,0.00013992973475336978
rough,0.00013954202163696854
rotation,0.00013934445667047199
customers,0.00013928600608384628
particular,0.00013909322104672977
hit,0.00013883440449894576
effects,0.00013882106192150074
definition,0.00013874986762392753
student,0.0001386073544554597
net,0.0001385838458040193
hdr,0.00013850000521815328
replacing,0.00013824186242536405
drop,0.00013811740216810998
eggs,0.00013793230358979263
focus,0.00013780307314482392
edge,0.00013779756491113954
lots,0.0001375355060712369
stock,0.0001373828726940951
sheets,0.0001373001121085703
finally,0.00013722127876648728
wheel,0.0001370726385140336
cute,0.00013646315064202256
basics,0.00013609606985417574
pet,0.00013557592655081988
accidental,0.0001354455196964338
realme,0.00013529901558384755
redmi,0.0001352799830709147
internal,0.0001351038755091765
sweet,0.000134969700856437
reduced,0.00013474544111994325
strain,0.00013459704102836598
2m,0.00013448561296789706
sales,0.00013434824086373419
near,0.00013429831653414932
lagging,0.0001342054959838217
discount,0.0001341287598654621
s21,0.00013379690756206754
oil,0.0001333116745201687
aspect,0.00013330213790652072
ensuring,0.00013275435293446001
create,0.00013266026271509278
performing,0.00013254978644014202
par,0.00013250085272938523
miui,0.00013241833486261065
baby,0.00013206721622741332
lenovo,0.0001317596887481648
tell,0.00013154582766787597
basket,0.00013139898078482105
goes,0.00013139225627619794
hardness,0.0001311229904412873
effectively,0.00013102942386336867
sensitive,0.00013090284451510752
correct,0.00013080494888807254
expectations,0.0001306019062595009
highest,0.00013047696107254696
spaces,0.00013019454904770737
dts,0.0001298198698290805
whether,0.00012977451088576456
t1,0.0001296984011613455
include,0.00012969096006845815
hub,0.00012926786222219874
shut,0.0001291504758519896
washing,0.00012883231575163198
nits,0.00012866832883637956
proper,0.0001285157436817215
students,0.00012845747259024329
immersive,0.0001272860243654206
until,0.00012717716725008536
informed,0.00012690613835855116
headphones,0.00012688294836530375
surely,0.000126866004909828
bending,0.00012659699029138013
housing,0.00012648142731435115
prime,0.00012647348059191448
list,0.0001263555232958309
blending,0.00012625769038825273
saver,0.00012613430407291157
lags,0.00012613307129128457
instantly,0.00012574106897139475
cheaper,0.00012530493515246633
placement,0.00012526525500659272
neat,0.00012473936466516315
future,0.0001246551181109984
earc,0.00012464286560584026
website,0.0001245314541488426
follow,0.00012415496604985555
mp,0.0001239241376884658
requirements,0.0001235215266571871
relief,0.00012341493600146014
transparent,0.00012325059726031175
recording,0.00012318161766283566
unable,0.0001231385709140358
27,0.0001225050791427026
5000mah,0.00012249687035151746
21,0.00012242813480423153
defective,0.00012223026386917944
feeling,0.00012192518464201317
scrolling,0.00012173844433106611
180,0.00012157739458517453
pendrive,0.00012147889621875736
duracell,0.000121446966426505
slowly,0.0001212767830003413
250,0.0001212672193211404
inner,0.00012111270689482706
cap,0.00012109492330578353
general,0.00012108914632334369
tool,0.00012095932927905665
adaptor,0.0001209467717890218
fitness,0.00012084227622875931
4g,0.00012053738369367475
term,0.0001201729398076585
guys,0.00011995871718026966
measure,0.00011978174301201479
bulky,0.00011971592676307568
mention,0.00011942734688622225
called,0.00011937799784821986
allow,0.00011923101258626762
continuous,0.00011921892421438734
sockets,0.00011920226332896723
q122,0.00011913793914768525
70,0.00011892074788805851
particles,0.00011857021408994576
sides,0.00011850358470012402
models,0.00011839446381043323
reset,0.0001182492060849312
dimension,0.0001179437553043274
sleeve,0.0001177256819942534
filling,0.00011769418766330155
grey,0.00011761195118393605
contents,0.00011759723785341736
lower,0.00011736316730893619
tracks,0.00011727311728894902
tape,0.00011718294881274571
punchy,0.0001168202158922531
wearable,0.00011668586227798324
cuts,0.00011633057580103438
tea,0.00011625623782413553
bowl,0.00011624839235325445
functionality,0.00011621519461769621
attach,0.00011604627227723303
boltt,0.00011577838090462519
120,0.00011553928253005281
extension,0.00011552598285386685
specific,0.00011548728554949388
electronic,0.00011548281752286202
default,0.00011464051395679585
removal,0.0001145967280596606
typing,0.00011428687352958307
kinds,0.00011404540929461676
yeah,0.00011399918146712792
perform,0.00011399752212719806
vegetables,0.00011399447456188005
95,0.00011367711188981081
alright,0.00011353584093639225
linux,0.0001134175041134044
wash,0.00011317882706578206
23,0.0001129180448306644
230,0.00011254417107978787
isi,0.00011236423440049702
knew,0.00011224410714854204
zoom,0.00011202338652195211
behind,0.00011201975711518947
impressed,0.0001117282991652725
present,0.00011123001193787097
activity,0.00011117992864252685
players,0.00011111345257622977
reliability,0.00011087755063509137
services,0.00011079339259882537
lovers,0.0001107137930118785
consider,0.00011060683152869409
expecting,0.00011027960254597807
detection,0.00011006891327155768
boil,0.0001099006353620439
qc,0.00010977657293825579
claim,0.0001096682657694947
volte,0.00010954780367437461
party,0.0001094171963356253
garments,0.00010922296756822986
manually,0.00010912238686161282
helio,0.0001089669044740946
prize,0.00010896571822584755
category_main_OfficeProducts,0.00010870726096635223
ro,0.00010821215792955692
contains,0.0001081348528943093
turning,0.00010806257545481105
mechanical,0.00010791595705118064
paying,0.0001078488464923718
sold,0.00010761583213774938
liters,0.00010732750096216381
hotstar,0.00010718677126637245
accuracy,0.00010714240082000675
disappointing,0.00010713921075535963
dynamic,0.00010700988995506776
desktop,0.00010698580147417891
thus,0.0001068396861146252
silicon,0.00010679580821774342
lift,0.00010678630257032492
pre,0.0001067627985524993
handles,0.00010673172037113785
cases,0.00010642169965975157
480,0.00010620513941035636
35,0.0001061055986820662
spare,0.00010607806481827975
sometime,0.00010605894469849123
unless,0.00010599986412323872
28,0.00010585091313405983
meet,0.00010582499617756017
gap,0.00010564506625051118
opening,0.00010554573533370877
careful,0.00010534761209559759
casing,0.00010485128749348749
zee5,0.00010473781211555354
shop,0.00010460632927270302
plated,0.00010457370624376687
silent,0.00010455839747276181
rich,0.00010455776524056832
magic,0.00010444695338757239
becomes,0.00010396235644243754
tear,0.00010388870918068815
hardly,0.00010380105346266091
surprised,0.0001033673715582523
stored,0.00010325445256886812
minor,0.00010294869655894169
steaming,0.00010292217557217263
ai,0.00010289534147179996
travelling,0.00010281422237574394
selfie,0.00010256497676813641
switched,0.00010228291518370339
today,0.00010228212482054478
chip,0.00010196857919037923
guy,0.00010176743118288375
expectation,0.00010162026948681477
1080p,0.00010157849290368829
sms,0.00010145793769823033
beauty,0.00010145260996624347
fold,0.00010129957190768813
guard,0.00010128383664449266
syncing,0.00010109919754590914
zero,0.0001007927341662636
board,0.00010075271559883594
movie,0.0001007445245169742
spent,0.00010065736529859656
initially,0.00010030064232265852
factor,0.00010029626329688502
17,0.00010019321051785248
copy,9.986886812774749e-05
notch,9.981971452509677e-05
tvs,9.981955565164377e-05
systems,9.978293647724139e-05
numbers,9.977256934834909e-05
text,9.960012132832206e-05
massive,9.949509263605662e-05
screw,9.91021019992825e-05
chance,9.90236953959484e-05
active,9.876586662472177e-05
xbox,9.866247260213428e-05
sealed,9.864476326193689e-05
category_main_Other,9.845579394105243e-05
written,9.837070469623185e-05
scratch,9.834198160416026e-05
grams,9.813444885216327e-05
tab,9.811122514016005e-05
comment,9.810983898154504e-05
pls,9.767340036486496e-05
claims,9.760450832144523e-05
ip68,9.760443359860568e-05
guarantee,9.754582688376799e-05
turbo,9.749250796734185e-05
64gb,9.739943437863204e-05
ingredients,9.728021994781459e-05
specification,9.719338816028506e-05
offering,9.713505694349871e-05
basically,9.691304943806672e-05
pair,9.683646731291957e-05
blend,9.671635285542126e-05
vision,9.666428454124108e-05
addition,9.61386221427091e-05
ceramic,9.595023543533727e-05
gonna,9.594465389224221e-05
told,9.585498974194074e-05
lighting,9.579465208967838e-05
study,9.57512094985113e-05
visible,9.569899954845304e-05
usual,9.55937750538707e-05
unlike,9.558596937388212e-05
valve,9.550434164566868e-05
50hz,9.535757469932982e-05
65w,9.529175894089992e-05
remember,9.523148547748591e-05
protector,9.521261608949754e-05
ironing,9.473977506936237e-05
fingerprint,9.465172749698149e-05
na,9.464763459931262e-05
meant,9.438427434808233e-05
password,9.385798310618688e-05
adhesive,9.304406690408419e-05
earbuds,9.300781539495174e-05
legs,9.297844980037214e-05
yield,9.29149391089161e-05
ergonomically,9.27470858565792e-05
cups,9.262598571752197e-05
overpriced,9.243241386262543e-05
oxygen,9.235967789396926e-05
station,9.230687000473109e-05
remover,9.18600261315373e-05
changes,9.169976462573444e-05
conclusion,9.154837420562455e-05
tip,9.120330920694235e-05
channel,9.05120205600118e-05
official,9.050747289438704e-05
minimal,9.041643900812451e-05
loss,9.028795329266598e-05
drawing,9.028137162011256e-05
increased,9.019322479139156e-05
prices,8.988133847930549e-05
separately,8.986548605693451e-05
43,8.984629425216992e-05
spiral,8.981854707449512e-05
waiting,8.981837342135197e-05
moving,8.96462647526164e-05
sliding,8.941631337948675e-05
loop,8.935424403380868e-05
portronics,8.899982586665797e-05
45,8.861665760509032e-05
force,8.844056779899662e-05
generally,8.842567836087514e-05
throw,8.839699206235933e-05
somewhat,8.833215350675082e-05
quiet,8.833195659461554e-05
tray,8.828419565314474e-05
loaded,8.812728411489615e-05
professional,8.812474498208036e-05
known,8.808078018901502e-05
burning,8.807319714506393e-05
tp,8.793111574692858e-05
stylus,8.788361840444857e-05
sit,8.781440260172299e-05
section,8.720597857593634e-05
valuable,8.714058223136967e-05
filtration,8.705207124567854e-05
spray,8.700529392838628e-05
connections,8.694226369764613e-05
player,8.690100908172371e-05
cartridges,8.688799563710587e-05
mobiles,8.660714097026666e-05
peace,8.645762620666969e-05
dongle,8.639729794678905e-05
optimized,8.630357678312429e-05
wayona,8.62461871934191e-05
otg,8.604862840506278e-05
responsive,8.544191314797277e-05
19,8.532092624675944e-05
action,8.525671058502433e-05
pricing,8.516792223989634e-05
certain,8.512258960966525e-05
worries,8.48864423697961e-05
marked,8.483778933411585e-05
handheld,8.47282868065373e-05
gone,8.450441570402146e-05
book,8.422525796837931e-05
noisy,8.405785493669857e-05
matter,8.380172715571541e-05
taken,8.269530508556248e-05
roller,8.224915804303655e-05
seal,8.211917575001054e-05
complaints,8.144534114734296e-05
code,8.139814508143829e-05
polymer,8.132795815868914e-05
scale,8.128470551158084e-05
notebook,8.091013443010817e-05
restart,8.074607153922732e-05
weather,8.071715337179787e-05
children,8.06695124208545e-05
faulty,8.062503399837155e-05
pencil,8.050916547904816e-05
notifications,8.046090511579977e-05
printer,8.042417334301212e-05
stays,8.039009520233451e-05
antenna,8.03235546209421e-05
prestige,8.019622321653598e-05
radio,7.999973541127291e-05
contacted,7.992621398786335e-05
supplied,7.96763294875658e-05
bucket,7.943557218732809e-05
among,7.924866248627902e-05
tata,7.922202499384409e-05
controlled,7.920936870967239e-05
wrong,7.912973915386934e-05
carrying,7.894905593941848e-05
exercise,7.893681765123904e-05
feedback,7.881661709567644e-05
stream,7.869327973741384e-05
plugged,7.861342122841512e-05
worse,7.85783524117351e-05
1300,7.84161315542302e-05
nexus,7.831666347210501e-05
companies,7.831238472425773e-05
record,7.829426868584315e-05
5m,7.819828818854429e-05
xiaomi,7.812570805220477e-05
arranged,7.811507991161847e-05
carbon,7.771070354645971e-05
wont,7.767353407261838e-05
truly,7.765685009862918e-05
sq,7.76084584819686e-05
chromecast,7.758159408217621e-05
concern,7.753959895017717e-05
looked,7.748261386773772e-05
600,7.737269337942732e-05
intelligent,7.731523230101106e-05
returned,7.724229520322527e-05
fruits,7.70486790818296e-05
installing,7.69831716396589e-05
frame,7.66257173180705e-05
tempered,7.656384559120864e-05
induction,7.647946167931796e-05
example,7.644465452725388e-05
vocals,7.642660795942695e-05
comfortably,7.593422983730993e-05
quantity,7.59044559626074e-05
monitoring,7.590061515555376e-05
750,7.5829128155106e-05
powder,7.577763524303037e-05
regarding,7.55463198831372e-05
ios,7.512686199168444e-05
school,7.47902503053407e-05
ssd,7.475975060510573e-05
sounds,7.466940001471226e-05
laundry,7.43374275263565e-05
updated,7.425561763687597e-05
assemble,7.419014985447199e-05
aa,7.40298729032199e-05
mesh,7.387812717644253e-05
hdr10,7.385239876405441e-05
none,7.374938739430594e-05
reduction,7.34800722068204e-05
emergency,7.311978992809427e-05
mixing,7.308154353515548e-05
optimal,7.278942521542352e-05
drain,7.271697485093914e-05
outside,7.250604897893674e-05
page,7.225021080125757e-05
meeting,7.181170788916583e-05
brings,7.171821552083095e-05
arrived,7.170488445283484e-05
site,7.166821554431439e-05
contrast,7.165183278838202e-05
s9,7.161509167209935e-05
preferred,7.145781661792107e-05
parker,7.134038993701957e-05
physical,7.104099972268927e-05
stage,7.099579759927559e-05
delivers,7.063300450757656e-05
dot,7.04788619109932e-05
1600,7.031258642223162e-05
haven,6.991421817252605e-05
environment,6.98431884414869e-05
indicators,6.941659049016764e-05
falls,6.929651545428454e-05
sec,6.928874804816641e-05
clarity,6.921324975404286e-05
soundbar,6.91531583488487e-05
coverage,6.901307380402115e-05
wave,6.894418360771998e-05
mom,6.889925299719057e-05
chopper,6.87620299439307e-05
sensors,6.855709004551536e-05
8k,6.851350942640399e-05
extreme,6.849582013739622e-05
outdoor,6.835922861215388e-05
aux,6.830876897651109e-05
attachments,6.811531567250789e-05
watches,6.807049335199552e-05
2018,6.796032304045725e-05
finishing,6.795565405552611e-05
draw,6.76249421640349e-05
anytime,6.75541943966386e-05
3840x2160,6.705130442489917e-05
pollution,6.697472441574667e-05
rockerz,6.68178514990992e-05
leds,6.627830927449789e-05
costs,6.61996635863726e-05
intended,6.612378307093064e-05
round,6.592434881493004e-05
fruit,6.592386138077335e-05
ahead,6.589874131529149e-05
slide,6.582320939019191e-05
temp,6.577388966450709e-05
everytime,6.555989453995306e-05
bend,6.55321503476842e-05
4gb,6.535901528068057e-05
towards,6.490713461288584e-05
beat,6.47671012136481e-05
raised,6.475409566519141e-05
receive,6.47091281577004e-05
serving,6.465488446581974e-05
stops,6.457302322480025e-05
foot,6.437408556695897e-05
continuously,6.429163250540233e-05
practical,6.393635624568701e-05
forbes,6.390484242820662e-05
billion,6.36943508413022e-05
refer,6.364840396108755e-05
suited,6.350971522867902e-05
form,6.347930728057183e-05
learning,6.34706771951194e-05
winters,6.328897908391329e-05
indication,6.316832505304434e-05
assistance,6.302552568261014e-05
alexa,6.295625051929938e-05
notice,6.277919114511225e-05
metres,6.274175553583888e-05
rod,6.247986595919698e-05
answer,6.237806140983744e-05
buds,6.222952792829439e-05
attachment,6.217588038742593e-05
paid,6.169131407421222e-05
pump,6.161760251873303e-05
release,6.160087684343761e-05
48,6.159486558502598e-05
8gb,6.156543719071043e-05
pigeon,6.148475123818305e-05
cutting,6.137267498362987e-05
lacks,6.118433641500039e-05
position,6.107904051075533e-05
seem,6.10625707899897e-05
units,6.0996867131309285e-05
stability,6.088335913740743e-05
appearance,6.087300129501346e-05
generation,6.083519560107396e-05
bracket,6.075013267184112e-05
manage,6.048481687541707e-05
advertised,6.032478882518489e-05
tube,6.0202089215902634e-05
zeb,6.0128056621937896e-05
chinese,6.0097772730009493e-05
turned,5.965768017665037e-05
seamlessly,5.9643830204206716e-05
hdd,5.959616239410631e-05
jbl,5.9342650258789694e-05
doesnt,5.9153229875183404e-05
speedy,5.9144303868845974e-05
portability,5.881103314198767e-05
ups,5.872652506125477e-05
notes,5.833313500995145e-05
healthy,5.822007244189024e-05
clips,5.820172710068963e-05
fans,5.8189309076635773e-05
hang,5.8185075504029054e-05
shell,5.7817020775568615e-05
holding,5.7812347156662536e-05
routers,5.773640654083424e-05
egg,5.769756683228216e-05
menu,5.753702598311545e-05
switches,5.743636164125559e-05
stands,5.7025563123442405e-05
reader,5.684825280392258e-05
sata,5.666779769708955e-05
allowing,5.66419495906008e-05
bezel,5.656164669385536e-05
airtel,5.638291694407994e-05
pipes,5.620015023884007e-05
vacuum,5.6199925131768076e-05
balance,5.595916238658688e-05
assured,5.582440615169831e-05
acer,5.5808943793909254e-05
prints,5.539400403895761e-05
stove,5.536309028105955e-05
breathing,5.52166374923014e-05
often,5.51770255255807e-05
fps,5.505562121604602e-05
selected,5.4960129945501315e-05
saying,5.4854782551886695e-05
hose,5.483233358854173e-05
movies,5.466128109976785e-05
sense,5.421677840990111e-05
previously,5.364843982299736e-05
pcs,5.362556489784548e-05
bottle,5.3619341705752624e-05
splash,5.3528915381704335e-05
hepa,5.3526504144192134e-05
lithium,5.3368617045347754e-05
3rd,5.332313994852488e-05
rice,5.320552841265927e-05
tft,5.310071134830363e-05
depending,5.304127848764623e-05
tilt,5.302608987217622e-05
yourself,5.294552125356657e-05
vs,5.292265394571675e-05
128,5.288962905117298e-05
highs,5.287377806973028e-05
hr,5.265355250542185e-05
consumes,5.2537677723620546e-05
boosted,5.235924812399487e-05
alert,5.221519162772502e-05
applications,5.1979520217039224e-05
plugs,5.196335827006216e-05
inbuilt,5.195014721813017e-05
cant,5.176644135267674e-05
2021,5.151383854034534e-05
approx,5.143286089951744e-05
recieved,5.135441322652917e-05
xl,5.127623794577598e-05
versatile,5.082985855122762e-05
hole,5.061965895541143e-05
cartridge,5.046777372622838e-05
ion,5.0431986996880085e-05
jio,5.0353013050145495e-05
versions,5.0294720999143964e-05
vary,5.0254281994545475e-05
90hz,5.0208170019099945e-05
impression,5.0159220377430475e-05
books,5.013455592236502e-05
primary,5.002891777707437e-05
dislike,4.989223962814926e-05
utility,4.954228655851252e-05
drinking,4.942976040262517e-05
cords,4.9374682241552096e-05
printing,4.9306879564303246e-05
variant,4.9221674462703415e-05
sunlight,4.865037176962775e-05
spills,4.8526427022222706e-05
boult,4.849339366033871e-05
pause,4.811594042064834e-05
morning,4.80913704098129e-05
2017,4.806046336499205e-05
middle,4.752764971810355e-05
unbreakable,4.7499920855131135e-05
nearly,4.744635939978189e-05
recharge,4.7219364339928164e-05
strap,4.718220875407822e-05
wd,4.7161698876032944e-05
email,4.6945178664625e-05
disney,4.667878460955403e-05
im,4.663263831085146e-05
powerbank,4.643694604957471e-05
evenly,4.6353625272326715e-05
command,4.633383494899616e-05
ask,4.630848363796594e-05
pouch,4.6243583723364564e-05
silver,4.618072138062947e-05
mid,4.6086414105270743e-05
wow,4.5995240673175524e-05
personally,4.56942951117126e-05
timer,4.5688340043694605e-05
65,4.5645835681407335e-05
economical,4.5595551097548184e-05
final,4.550852944908965e-05
talk,4.5378149491624034e-05
neckband,4.526779762326036e-05
early,4.522377395901772e-05
mrp,4.49493603169733e-05
checking,4.477728319838071e-05
cast,4.4575550081071973e-05
stretch,4.457073654849054e-05
fix,4.448187813278977e-05
following,4.443756917304153e-05
xs,4.435909327827467e-05
blower,4.428430938251414e-05
parameters,4.410136423422294e-05
subject,4.4057617341367644e-05
uhd,4.3962677105342136e-05
vertically,4.39016344497916e-05
regret,4.373622161894296e-05
select,4.372639336922354e-05
5ghz,4.362021575081376e-05
6gb,4.348396898345706e-05
fill,4.338640451333489e-05
ppm,4.337179547596268e-05
ninja,4.3247030178431614e-05
cotton,4.3215402930357454e-05
method,4.3174978869544304e-05
flimsy,4.3083705437155895e-05
z6,4.306711943156183e-05
plan,4.260361924386096e-05
sandwich,4.250030255630145e-05
belkin,4.2281673926919306e-05
holds,4.190659854732456e-05
indoor,4.189062404106494e-05
finger,4.185661453106861e-05
iqoo,4.178019050816992e-05
shakes,4.171993670532152e-05
ensured,4.157030669703054e-05
surround,4.1456412348069675e-05
recognition,4.140726717506512e-05
thickness,4.1295230596729845e-05
status,4.121696379039894e-05
frequently,4.106162838439788e-05
12gb,4.104462572036768e-05
produces,4.1025313304662414e-05
slower,4.098114463995265e-05
broke,4.085714188009637e-05
bath,4.085540923745568e-05
word,4.070694205976475e-05
eureka,4.0516358252102906e-05
decided,4.027619086801596e-05
reversible,3.954356589795004e-05
rotate,3.9324791195772904e-05
frequent,3.918204959032193e-05
pulp,3.915954302310527e-05
precise,3.877479689117964e-05
sitting,3.819605385599443e-05
weighing,3.797154508265434e-05
navigate,3.7775474080915844e-05
ratings,3.737060076572738e-05
20w,3.712747349673005e-05
overload,3.6977426129294e-05
cooker,3.68057571643704e-05
3k,3.670015216492021e-05
boiler,3.6487439840048516e-05
sturdiness,3.624409014601171e-05
veggies,3.6085371613645256e-05
window,3.592321797418237e-05
plates,3.5755792889412607e-05
combo,3.565591846428654e-05
पर,3.5441100027477656e-05
soleplate,3.533335125789349e-05
pens,3.530159684220542e-05
reception,3.527385155233882e-05
borosil,3.491742089549419e-05
bassheads,3.4872705096621776e-05
reducing,3.4744528367185424e-05
purposes,3.4689391289728205e-05
detail,3.445626908417198e-05
cellphone,3.411109982462725e-05
xp,3.378834596765106e-05
alkaline,3.368009716373416e-05
hook,3.3059412075609905e-05
bugs,3.2850455490025274e-05
instruction,3.2840135722491775e-05
produce,3.2634383066260786e-05
format,3.172951058241241e-05
biggest,3.07703609313232e-05
planning,3.050073672976126e-05
friends,3.0437175920333236e-05
fair,3.0246637306289777e-05
ips,3.024144588063196e-05
scanner,3.0059668057580407e-05
projector,3.0005388562258478e-05
carefully,2.99292810033097e-05
scroll,2.9317501737624688e-05
didnt,2.9203428557123814e-05
lens,2.908941813571115e-05
moderate,2.9022791467076825e-05
करन,2.900996768773405e-05
locking,2.8822329599905474e-05
applied,2.8758276145975676e-05
besides,2.8751637492501966e-05
equalizer,2.8564760394180465e-05
tds,2.838306234920349e-05
f2,2.8300765100865587e-05
keypad,2.779405727826083e-05
common,2.7266280513696347e-05
crucial,2.6785527116810302e-05
acceptable,2.6774166188404924e-05
blowing,2.675461884129252e-05
purification,2.6453962748311e-05
2020,2.6258951751172873e-05
mixed,2.6081997300710442e-05
coz,2.5677015998198183e-05
vaccum,2.5248785094780077e-05
casual,2.5175627875503138e-05
usha,2.508373342308605e-05
tiny,2.4685132386493893e-05
file,2.443592597622351e-05
remains,2.436234840625865e-05
seeing,2.414200120631409e-05
amps,2.3718430702164172e-05
world,2.3690551526542395e-05
tpu,2.357234284793956e-05
vu,2.341992339534244e-05
maybe,2.3213459671129034e-05
nobody,2.2947528985726393e-05
happened,2.277986391985137e-05
yellow,2.2671280605856216e-05
pressing,2.198571236882378e-05
cards,2.1566693146990624e-05
sensitivity,2.1463548250812903e-05
mist,1.9352267959017822e-05
bubble,1.9238760788546983e-05
essential,1.9069952081020623e-05
myself,1.828511560504254e-05
backlight,1.8278074586398618e-05
pets,1.817735510787263e-05
cd,1.8085270572073566e-05
depth,1.7881594887953755e-05
alarm,1.77791950568147e-05
fairly,1.7234254001352413e-05
classic,1.699112696044393e-05
earpiece,1.6977862004272144e-05
uv,1.6881549898272377e-05
beast,1.6860933167210772e-05
anc,1.6488595997920252e-05
kodak,1.6199609074423003e-05
120hz,1.5891178777687188e-05
stone,1.5129034928414753e-05
earbud,1.487256165592166e-05
mix,1.4393417796262587e-05
nord,1.424580552792263e-05
shaped,1.3708253984042238e-05
converter,1.3623317472017792e-05
him,1.355366901548002e-05
mice,1.2881988572876321e-05
s8,1.288092597166634e-05
nor,1.2804322868446485e-05
tech,1.2693056091745445e-05
disturbance,1.2636815672412575e-05
g7,1.2372828659933767e-05
alloy,1.2362315818597908e-05
activities,1.2347397779194873e-05
dslr,1.2143187718080916e-05
waffle,1.210206622181791e-05
aren,1.171080017905063e-05
kinda,1.1063274985855833e-05
atmos,1.1015578852839009e-05
2019,1.0746861899702363e-05
72,1.0456198650686153e-05
sticky,9.842426608859865e-06
switching,9.728616900577509e-06
25w,9.710063229182891e-06
ambrane,9.007730918843634e-06
fancy,8.44927895448276e-06
nib,8.20338220579352e-06
noticeable,8.120666080989774e-06
kent,7.608781630655659e-06
nozzle,7.589539672567156e-06
225,7.218753340908862e-06
800,6.0553624249716134e-06
lines,6.034760008533873e-06
canon,5.860923197669332e-06
erase,5.740165176338457e-06
mat,5.316860299250539e-06
s20,4.439544022176306e-06
bucks,4.2273275817716124e-06
provider,3.5558679644847323e-06
airdopes,3.5523194477796157e-06
evening,3.335133233677226e-06
wants,2.6477245908655674e-06
wake,2.1622099939968434e-06
firestick,8.313192271889887e-07
2k,3.5892515446337646e-07
increasing,3.2294074528399803e-07
management,3.0004672684584464e-07
pics,2.673102338602331e-07
human,2.623387214322333e-07
beyond,2.1055141772249266e-07
corner,6.30983381650832e-08
arc,3.6460736041866244e-08
ambient,6.935262308261119e-19
fuzz,4.0581793862114723e-19
12v,1.1668057130406913e-19
electrical,6.472390691330054e-20
eyes,3.053776431365526e-20
angles,1.8532821070161907e-20
csr,1.7983152099077503e-20
xtend,0.0
frother,0.0
espresso,0.0
v5,0.0
m33,0.0
handset,0.0
vibration,0.0
ois,0.0
waffles,0.0
hlg,0.0
course,0.0
removable,0.0
corners,0.0
